[{"fields": {"model": "logentry", "app_label": "admin"}, "model": "contenttypes.contenttype", "pk": 1}, {"fields": {"model": "permission", "app_label": "auth"}, "model": "contenttypes.contenttype", "pk": 2}, {"fields": {"model": "group", "app_label": "auth"}, "model": "contenttypes.contenttype", "pk": 3}, {"fields": {"model": "user", "app_label": "auth"}, "model": "contenttypes.contenttype", "pk": 4}, {"fields": {"model": "contenttype", "app_label": "contenttypes"}, "model": "contenttypes.contenttype", "pk": 5}, {"fields": {"model": "session", "app_label": "sessions"}, "model": "contenttypes.contenttype", "pk": 6}, {"fields": {"model": "nryear", "app_label": "CemeteryAdministration"}, "model": "contenttypes.contenttype", "pk": 7}, {"fields": {"model": "spot", "app_label": "CemeteryAdministration"}, "model": "contenttypes.contenttype", "pk": 8}, {"fields": {"model": "ownershipdeed", "app_label": "CemeteryAdministration"}, "model": "contenttypes.contenttype", "pk": 9}, {"fields": {"model": "ownershipreceipt", "app_label": "CemeteryAdministration"}, "model": "contenttypes.contenttype", "pk": 10}, {"fields": {"model": "owner", "app_label": "CemeteryAdministration"}, "model": "contenttypes.contenttype", "pk": 11}, {"fields": {"model": "constructionauthorization", "app_label": "CemeteryAdministration"}, "model": "contenttypes.contenttype", "pk": 12}, {"fields": {"model": "constructioncompany", "app_label": "CemeteryAdministration"}, "model": "contenttypes.contenttype", "pk": 13}, {"fields": {"model": "construction", "app_label": "CemeteryAdministration"}, "model": "contenttypes.contenttype", "pk": 14}, {"fields": {"model": "operation", "app_label": "CemeteryAdministration"}, "model": "contenttypes.contenttype", "pk": 15}, {"fields": {"model": "maintenancelevel", "app_label": "CemeteryAdministration"}, "model": "contenttypes.contenttype", "pk": 16}, {"fields": {"model": "contributionreceipt", "app_label": "CemeteryAdministration"}, "model": "contenttypes.contenttype", "pk": 17}, {"fields": {"model": "yearlypayment", "app_label": "CemeteryAdministration"}, "model": "contenttypes.contenttype", "pk": 18}, {"fields": {"date": "2000-01-20", "number": 1}, "model": "CemeteryAdministration.nryear", "pk": 1}, {"fields": {"date": "2001-01-20", "number": 1}, "model": "CemeteryAdministration.nryear", "pk": 2}, {"fields": {"date": "2000-01-25", "number": 2}, "model": "CemeteryAdministration.nryear", "pk": 3}, {"fields": {"date": "2000-05-30", "number": 3}, "model": "CemeteryAdministration.nryear", "pk": 4}, {"fields": {"date": "2010-01-30", "number": 1}, "model": "CemeteryAdministration.nryear", "pk": 5}, {"fields": {"date": "2010-08-30", "number": 2}, "model": "CemeteryAdministration.nryear", "pk": 6}, {"fields": {"date": "2000-01-20", "number": 1}, "model": "CemeteryAdministration.nryear", "pk": 7}, {"fields": {"date": "2000-02-20", "number": 2}, "model": "CemeteryAdministration.nryear", "pk": 8}, {"fields": {"date": "2000-01-27", "number": 3}, "model": "CemeteryAdministration.nryear", "pk": 9}, {"fields": {"date": "2001-02-27", "number": 1}, "model": "CemeteryAdministration.nryear", "pk": 10}, {"fields": {"date": "2000-05-27", "number": 4}, "model": "CemeteryAdministration.nryear", "pk": 11}, {"fields": {"date": "2010-03-21", "number": 1}, "model": "CemeteryAdministration.nryear", "pk": 12}, {"fields": {"date": "2010-07-21", "number": 2}, "model": "CemeteryAdministration.nryear", "pk": 13}, {"fields": {"date": "2000-01-22", "number": 1}, "model": "CemeteryAdministration.nryear", "pk": 14}, {"fields": {"date": "2000-02-22", "number": 2}, "model": "CemeteryAdministration.nryear", "pk": 15}, {"fields": {"date": "2001-01-22", "number": 1}, "model": "CemeteryAdministration.nryear", "pk": 16}, {"fields": {"date": "2001-01-23", "number": 2}, "model": "CemeteryAdministration.nryear", "pk": 17}, {"fields": {"date": "2001-01-23", "number": 3}, "model": "CemeteryAdministration.nryear", "pk": 18}, {"fields": {"date": "2001-01-24", "number": 4}, "model": "CemeteryAdministration.nryear", "pk": 19}, {"fields": {"column": "1", "note": null, "parcel": "1", "row": "1"}, "model": "CemeteryAdministration.spot", "pk": 1}, {"fields": {"column": "2", "note": null, "parcel": "1", "row": "1"}, "model": "CemeteryAdministration.spot", "pk": 2}, {"fields": {"column": "3", "note": null, "parcel": "1", "row": "1"}, "model": "CemeteryAdministration.spot", "pk": 3}, {"fields": {"column": "1", "note": null, "parcel": "1", "row": "2"}, "model": "CemeteryAdministration.spot", "pk": 4}, {"fields": {"column": "2", "note": null, "parcel": "1", "row": "2"}, "model": "CemeteryAdministration.spot", "pk": 5}, {"fields": {"column": "2", "note": null, "parcel": "2", "row": "1"}, "model": "CemeteryAdministration.spot", "pk": 6}, {"fields": {"column": "2bis", "note": null, "parcel": "2", "row": "1"}, "model": "CemeteryAdministration.spot", "pk": 7}, {"fields": {"column": "9", "note": null, "parcel": "5", "row": "7"}, "model": "CemeteryAdministration.spot", "pk": 8}, {"fields": {"column": "9bis", "note": null, "parcel": "5", "row": "7"}, "model": "CemeteryAdministration.spot", "pk": 9}, {"fields": {"column": "10", "note": null, "parcel": "5", "row": "7"}, "model": "CemeteryAdministration.spot", "pk": 10}, {"fields": {"column": "100", "note": null, "parcel": "13", "row": "1"}, "model": "CemeteryAdministration.spot", "pk": 11}, {"fields": {"spots": [1]}, "model": "CemeteryAdministration.ownershipdeed", "pk": 1}, {"fields": {"spots": [1]}, "model": "CemeteryAdministration.ownershipdeed", "pk": 2}, {"fields": {"spots": [2, 3]}, "model": "CemeteryAdministration.ownershipdeed", "pk": 3}, {"fields": {"spots": [4]}, "model": "CemeteryAdministration.ownershipdeed", "pk": 4}, {"fields": {"spots": [6]}, "model": "CemeteryAdministration.ownershipdeed", "pk": 5}, {"fields": {"spots": [7, 8, 9]}, "model": "CemeteryAdministration.ownershipdeed", "pk": 6}, {"fields": {"value": 100.0, "ownership_deed": 1}, "model": "CemeteryAdministration.ownershipreceipt", "pk": 7}, {"fields": {"value": 100.0, "ownership_deed": 3}, "model": "CemeteryAdministration.ownershipreceipt", "pk": 8}, {"fields": {"value": 5.0, "ownership_deed": 1}, "model": "CemeteryAdministration.ownershipreceipt", "pk": 9}, {"fields": {"value": 110.0, "ownership_deed": 2}, "model": "CemeteryAdministration.ownershipreceipt", "pk": 10}, {"fields": {"value": 100.0, "ownership_deed": 4}, "model": "CemeteryAdministration.ownershipreceipt", "pk": 11}, {"fields": {"value": 200.0, "ownership_deed": 5}, "model": "CemeteryAdministration.ownershipreceipt", "pk": 12}, {"fields": {"value": 205.0, "ownership_deed": 6}, "model": "CemeteryAdministration.ownershipreceipt", "pk": 13}, {"fields": {"phone": "722772772", "first_name": "Ana", "last_name": "Asmith", "ownership_deeds": [1, 2]}, "model": "CemeteryAdministration.owner", "pk": 1}, {"fields": {"phone": "712141324", "first_name": "Bob", "last_name": "Boss", "ownership_deeds": [3]}, "model": "CemeteryAdministration.owner", "pk": 2}, {"fields": {"phone": null, "first_name": "Zach", "last_name": "Zumzet", "ownership_deeds": [4, 5]}, "model": "CemeteryAdministration.owner", "pk": 3}, {"fields": {"phone": null, "first_name": "Middle", "last_name": "Msmith", "ownership_deeds": [6]}, "model": "CemeteryAdministration.owner", "pk": 4}, {"fields": {}, "model": "CemeteryAdministration.contributionreceipt", "pk": 14}, {"fields": {}, "model": "CemeteryAdministration.contributionreceipt", "pk": 15}, {"fields": {}, "model": "CemeteryAdministration.contributionreceipt", "pk": 16}, {"fields": {}, "model": "CemeteryAdministration.contributionreceipt", "pk": 17}, {"fields": {}, "model": "CemeteryAdministration.contributionreceipt", "pk": 18}, {"fields": {}, "model": "CemeteryAdministration.contributionreceipt", "pk": 19}, {"fields": {"receipt": 14, "spot": 1, "value": 50, "year": 2000}, "model": "CemeteryAdministration.yearlypayment", "pk": 1}, {"fields": {"receipt": 16, "spot": 1, "value": 55, "year": 2001}, "model": "CemeteryAdministration.yearlypayment", "pk": 2}, {"fields": {"receipt": 15, "spot": 4, "value": 50, "year": 2000}, "model": "CemeteryAdministration.yearlypayment", "pk": 3}, {"fields": {"receipt": 17, "spot": 4, "value": 55, "year": 2001}, "model": "CemeteryAdministration.yearlypayment", "pk": 4}, {"fields": {"receipt": 18, "spot": 5, "value": 55, "year": 2001}, "model": "CemeteryAdministration.yearlypayment", "pk": 5}, {"fields": {"receipt": 19, "spot": 3, "value": 55, "year": 2001}, "model": "CemeteryAdministration.yearlypayment", "pk": 6}, {"fields": {"codename": "add_logentry", "name": "Can add log entry", "content_type": 1}, "model": "auth.permission", "pk": 1}, {"fields": {"codename": "change_logentry", "name": "Can change log entry", "content_type": 1}, "model": "auth.permission", "pk": 2}, {"fields": {"codename": "delete_logentry", "name": "Can delete log entry", "content_type": 1}, "model": "auth.permission", "pk": 3}, {"fields": {"codename": "add_permission", "name": "Can add permission", "content_type": 2}, "model": "auth.permission", "pk": 4}, {"fields": {"codename": "change_permission", "name": "Can change permission", "content_type": 2}, "model": "auth.permission", "pk": 5}, {"fields": {"codename": "delete_permission", "name": "Can delete permission", "content_type": 2}, "model": "auth.permission", "pk": 6}, {"fields": {"codename": "add_group", "name": "Can add group", "content_type": 3}, "model": "auth.permission", "pk": 7}, {"fields": {"codename": "change_group", "name": "Can change group", "content_type": 3}, "model": "auth.permission", "pk": 8}, {"fields": {"codename": "delete_group", "name": "Can delete group", "content_type": 3}, "model": "auth.permission", "pk": 9}, {"fields": {"codename": "add_user", "name": "Can add user", "content_type": 4}, "model": "auth.permission", "pk": 10}, {"fields": {"codename": "change_user", "name": "Can change user", "content_type": 4}, "model": "auth.permission", "pk": 11}, {"fields": {"codename": "delete_user", "name": "Can delete user", "content_type": 4}, "model": "auth.permission", "pk": 12}, {"fields": {"codename": "add_contenttype", "name": "Can add content type", "content_type": 5}, "model": "auth.permission", "pk": 13}, {"fields": {"codename": "change_contenttype", "name": "Can change content type", "content_type": 5}, "model": "auth.permission", "pk": 14}, {"fields": {"codename": "delete_contenttype", "name": "Can delete content type", "content_type": 5}, "model": "auth.permission", "pk": 15}, {"fields": {"codename": "add_session", "name": "Can add session", "content_type": 6}, "model": "auth.permission", "pk": 16}, {"fields": {"codename": "change_session", "name": "Can change session", "content_type": 6}, "model": "auth.permission", "pk": 17}, {"fields": {"codename": "delete_session", "name": "Can delete session", "content_type": 6}, "model": "auth.permission", "pk": 18}, {"fields": {"codename": "add_nryear", "name": "Can add nr year", "content_type": 7}, "model": "auth.permission", "pk": 19}, {"fields": {"codename": "change_nryear", "name": "Can change nr year", "content_type": 7}, "model": "auth.permission", "pk": 20}, {"fields": {"codename": "delete_nryear", "name": "Can delete nr year", "content_type": 7}, "model": "auth.permission", "pk": 21}, {"fields": {"codename": "add_spot", "name": "Can add spot", "content_type": 8}, "model": "auth.permission", "pk": 22}, {"fields": {"codename": "change_spot", "name": "Can change spot", "content_type": 8}, "model": "auth.permission", "pk": 23}, {"fields": {"codename": "delete_spot", "name": "Can delete spot", "content_type": 8}, "model": "auth.permission", "pk": 24}, {"fields": {"codename": "add_ownershipdeed", "name": "Can add ownership deed", "content_type": 9}, "model": "auth.permission", "pk": 25}, {"fields": {"codename": "change_ownershipdeed", "name": "Can change ownership deed", "content_type": 9}, "model": "auth.permission", "pk": 26}, {"fields": {"codename": "delete_ownershipdeed", "name": "Can delete ownership deed", "content_type": 9}, "model": "auth.permission", "pk": 27}, {"fields": {"codename": "add_ownershipreceipt", "name": "Can add ownership receipt", "content_type": 10}, "model": "auth.permission", "pk": 28}, {"fields": {"codename": "change_ownershipreceipt", "name": "Can change ownership receipt", "content_type": 10}, "model": "auth.permission", "pk": 29}, {"fields": {"codename": "delete_ownershipreceipt", "name": "Can delete ownership receipt", "content_type": 10}, "model": "auth.permission", "pk": 30}, {"fields": {"codename": "add_owner", "name": "Can add owner", "content_type": 11}, "model": "auth.permission", "pk": 31}, {"fields": {"codename": "change_owner", "name": "Can change owner", "content_type": 11}, "model": "auth.permission", "pk": 32}, {"fields": {"codename": "delete_owner", "name": "Can delete owner", "content_type": 11}, "model": "auth.permission", "pk": 33}, {"fields": {"codename": "add_constructionauthorization", "name": "Can add construction authorization", "content_type": 12}, "model": "auth.permission", "pk": 34}, {"fields": {"codename": "change_constructionauthorization", "name": "Can change construction authorization", "content_type": 12}, "model": "auth.permission", "pk": 35}, {"fields": {"codename": "delete_constructionauthorization", "name": "Can delete construction authorization", "content_type": 12}, "model": "auth.permission", "pk": 36}, {"fields": {"codename": "add_constructioncompany", "name": "Can add construction company", "content_type": 13}, "model": "auth.permission", "pk": 37}, {"fields": {"codename": "change_constructioncompany", "name": "Can change construction company", "content_type": 13}, "model": "auth.permission", "pk": 38}, {"fields": {"codename": "delete_constructioncompany", "name": "Can delete construction company", "content_type": 13}, "model": "auth.permission", "pk": 39}, {"fields": {"codename": "add_construction", "name": "Can add construction", "content_type": 14}, "model": "auth.permission", "pk": 40}, {"fields": {"codename": "change_construction", "name": "Can change construction", "content_type": 14}, "model": "auth.permission", "pk": 41}, {"fields": {"codename": "delete_construction", "name": "Can delete construction", "content_type": 14}, "model": "auth.permission", "pk": 42}, {"fields": {"codename": "add_operation", "name": "Can add operation", "content_type": 15}, "model": "auth.permission", "pk": 43}, {"fields": {"codename": "change_operation", "name": "Can change operation", "content_type": 15}, "model": "auth.permission", "pk": 44}, {"fields": {"codename": "delete_operation", "name": "Can delete operation", "content_type": 15}, "model": "auth.permission", "pk": 45}, {"fields": {"codename": "add_maintenancelevel", "name": "Can add maintenance level", "content_type": 16}, "model": "auth.permission", "pk": 46}, {"fields": {"codename": "change_maintenancelevel", "name": "Can change maintenance level", "content_type": 16}, "model": "auth.permission", "pk": 47}, {"fields": {"codename": "delete_maintenancelevel", "name": "Can delete maintenance level", "content_type": 16}, "model": "auth.permission", "pk": 48}, {"fields": {"codename": "add_contributionreceipt", "name": "Can add contribution receipt", "content_type": 17}, "model": "auth.permission", "pk": 49}, {"fields": {"codename": "change_contributionreceipt", "name": "Can change contribution receipt", "content_type": 17}, "model": "auth.permission", "pk": 50}, {"fields": {"codename": "delete_contributionreceipt", "name": "Can delete contribution receipt", "content_type": 17}, "model": "auth.permission", "pk": 51}, {"fields": {"codename": "add_yearlypayment", "name": "Can add yearly payment", "content_type": 18}, "model": "auth.permission", "pk": 52}, {"fields": {"codename": "change_yearlypayment", "name": "Can change yearly payment", "content_type": 18}, "model": "auth.permission", "pk": 53}, {"fields": {"codename": "delete_yearlypayment", "name": "Can delete yearly payment", "content_type": 18}, "model": "auth.permission", "pk": 54}]